{"cameraMode":{"drawMode":0,"name":"Shaded","section":"Shading Mode"},"sceneLighting":true,"audioPlay":false,"sceneViewState":{"m_AlwaysRefresh":false,"showFog":true,"showSkybox":true,"showFlares":true,"showImageEffects":true,"showParticleSystems":true,"showVisualEffectGraphs":true,"m_FxEnabled":true},"in2DMode":false,"pivot":{"x":1.4932159185409547,"y":3.124736785888672,"z":1.0966479778289796},"rotation":{"x":-0.004497225396335125,"y":-0.9810046553611755,"z":0.10949252545833588,"w":-0.16061577200889588},"size":0.5555629730224609,"orthographic":false}